﻿{


     "baseUrl": "http://kingofdinner.realsun.me:8081/rispweb/",
     "getMethod": "ShowHostTableDatas_Ajax",
     "saveMethod": "SaveData_Ajax",
     "saveMethod2": "ajax_SaveDataBytrans",
     "getBysqlMethod": "Ajax_QueryBySql",
     "user": "demo1",
     "upass": "kingofdinner@2017",
     "LoginToken":"KingOfDinner123456789",
   "SynDatas": [
    {
      "Active": "Y",
      "uniquenameofsynname": "人员信息同步1",
      "monitoridcolumn": "uniquenamesynname",
      "fetchurl": "http://kingofdinner.realsun.me:8081/rispweb/",
      "fetchuser": "demo1",
      "fetchupass": "kingofdinner@2017",
      "pushurl": "http://www.realsun.me:8003/rispweb/",
      "pushuser": "demo1",
      "pushupass": "",
      "monitor_resid": "542290864273",
      "monitor_colofendtime": "C3_542630825826", 
       "monitor_colofrecords":"C3_542630836091", 
      "monitorlog_resid": "542629614285",
      "monitorlog_colofbatchid": "C3_542451856065",
      "monitorlog_coloftime": "C3_542451888002",
       "monitorlog_colofcontent": "C3_542451902049",
      "source_resid": "539457701388",
      "target_resid": "542629971235",
      "target_synmonitorcolumnofid": "C3_542374415384",
      "cmswhere": "",
      "sourcefields": "C3_539457726192,C3_539457741668",
      "targetfields": "C3_542630054361,C3_542630056798",
      "pagesize": 100,
      "bytransvalue": "0",
      "uniquecolumns": "C3_542630054361",
      "withoutdata": "1",
      "synchronizedat": "1",
      "_state": "editoradd",
      "pushtype": "client",
      "fetchtype": "web",
      "pushdbc": {
        "DATABASETYPE": 1,
        "DATABASECONTYPE": 1,
        "HsopDbConType": 1,
        "HOST": "www.realsun.me\\demo",
        "PORT": 3433,
        "User": "cmsuser",
        "Database": "demo1",
        "Pass": "cmsuserpass123"


      },
      "fetchdbc": {
        "DATABASETYPE": 1,
        "DATABASECONTYPE": 1,
        "HsopDbConType": 1,
        "HOST": "www.realsun.me\\demo",
        "PORT": 3433,
        "User": "cmsuser",
        "Database": "demo1",
        "Pass": "cmsuserpass123"



      }

    },
      {
      "Active": "Y",
      "uniquenameofsynname": "人员信息同步2",
      "monitoridcolumn": "uniquenamesynname",
      "pushurl": "http://kingofdinner.realsun.me:8081/rispweb/",
      "pushuser": "demo1",
      "pushupass": "kingofdinner@2017",
      "fetchurl": "http://www.realsun.me:8003/rispweb/",
      "fetchuser": "demo1",
      "fetchupass": "",

        "monitor_resid": "542290864273",
         "monitor_colofendtime": "C3_542630825826", 
       "monitor_colofrecords":"C3_542630836091", 
         "monitorlog_resid": "542451821723",
      "monitorlog_colofbatchid": "C3_542451856065",
      "monitorlog_coloftime": "C3_542451888002",
       "monitorlog_colofcontent": "C3_542451902049",
      "source_resid": "227186227531",
      "target_resid": "539457701388",
      "target_synmonitorcolumnofid": "C3_542374415384",
      "cmswhere": "",
      "sourcefields": "C3_227192472953,C3_227192484125",
      "targetfields": "C3_539457726192,C3_539457741668",
      "pagesize": 100,
      "uniquecolumns": "C3_539457726192",
      "withoutdata": "1",
        "synchronizedat": "1",
        "bytransvalue": "0",
      "_state": "editoradd",
      "pushtype": "web",
      "fetchtype": "web",
      "pushdbc": {
        "DATABASETYPE": 1,
        "DATABASECONTYPE": 1,
        "HsopDbConType": 1,
        "HOST": "www.realsun.me\\demo",
        "PORT": 3433,
        "User": "cmsuser",
        "Database": "demo1",
        "Pass": "cmsuserpass123"


      },
      "fetchdbc": {
        "DATABASETYPE": 1,
        "DATABASECONTYPE": 1,
        "HsopDbConType": 1,
        "HOST": "www.realsun.me\\demo",
        "PORT": 3433,
        "User": "cmsuser",
        "Database": "demo1",
        "Pass": "cmsuserpass123"



      }

    }
        

      ]
  
}

